words,labels
以及,1
浏览器,1
进行,1
团队,1
用户,1
腾讯,1
亚马逊,1
公司,1
技术,1
申请,1
健康,1
游戏,1
管理,1
服务,1
检测,1
广告,1
百度,1
互联网,1
特斯拉,1
科技,1
目前,1
音乐,1
苹果,1
阿里巴巴,1
已经,1
控制,1
酒店,1
支持,1
应用,1
产品,1
企业,1
支付宝,1
我们,1
的内容,1
视频,1
互联网金融,1
市场的,1
提供,1
消费者,1
开发者,1
36氪,1
希望,1
移动互联网,1
他们,1
汽车,1
京东,1
HTML5,1
收购,1
包括,1
Uber,1
娱乐,1
可穿戴设备,1
购买,1
能够,1
组织,1
选择,1
医疗,1
医生,1
信息,1
O2O,1
翻译,1
软件,1
集团,1
编辑,1
可以,1
创业者,1
教育,1
乔布斯,1
交易,1
搜索,1
或者,1
网络,1
小米,1
智能手机,1
豆瓣,1
CEO,1
市场,1
漏洞,1
搜索引擎,1
投资者,1
雅虎,1
二手车,1
粉丝,1
培训,1
分享,1
测试,1
儿童,1
移动,1
平台,1
淘宝,1
保持,1
传统,1
研究,1
推荐,1
覆盖,1
Nexus,1
大数据,1
招聘,1
副总裁,1
社区,1
基金,1
开始,1
业务,1
阅读,1
旅行,1
进入,1
金融,1
表示,1
最终,1
设备,1
程序员,1
甚至,1
比特币,1
记录,1
电影,1
需要,1
监测,1
媒体,1
传感器,1
邮箱,1
硅谷,1
NEXT,1
这些,1
二维码,1
微信,1
母婴,1
虚拟,1
屏幕,1
虚拟现实,0
数据,1
追踪,1
内容,1
投资人,1
UC,1
模式,1
Web,1
证券业协会,0
苏宁,1
电商,1
陌陌,1
中国,1
空气净化器,1
距离,1
摄像头,1
官方,1
APP,1
识别,1
邮件,1
氪空间,1
扫描,1
这个,1
维珍银河,1
俞永福,1
服务器,1
功能,1
一个,1
的时间,0
并没有,0
通过,1
app,1
导航,1
董事长,1
机构,1
世界,1
比较,1
社交,1
专注于,0
云计算,1
必须,1
系统,1
投资,1
支付,1
基础设施,1
电子商务,1
微软,1
银行,1
沙龙,1
营销,1
讨论,1
奢侈品,1
ing,1
旅游,1
人工智能,1
刚刚,1
快速,1
iPad,1
帮助,1
获得,1
销售,1
使用,1
丁香园,1
供应链,1
设计,1
安全,1
的移动,0
Linux,1
农村,1
设计师,1
计算机,1
自媒体,1
免费,1
手机,1
参与,1
机器人,1
登陆,1
品牌,1
的团队,0
芯片,1
无法,1
第三方,1
啪啪,1
迅速,1
非常,1
没有,1
连接,1
课程,1
网站,1
WiFi,1
战略投资,1
输入,1
政府,1
员工,1
创业公司,1
糖尿病,1
合作伙伴,1
文字,1
全球,1
购物,1
运营商,1
Swift,1
获取,1
蓝牙,1
平板电脑,1
宣布,1
携程,1
新浪微博,1
渠道,1
三星,1
朋友圈,1
似乎,1
咖啡,1
算法,1
2014年,1
社交网络,1
环境,1
医院,1
咨询,1
黑莓,1
了一个,1
工具,1
健康医疗,1
预测,1
and,1
QQ,1
云服务,1
语言,1
餐饮,1
首席执行官,1
拥有,1
充电桩,1
未来,1
显示,1
微信公众号,1
谷歌,1
初创公司,1
海外,1
洛杉矶,1
世界杯,1
IPO,1
训练,1
推送,1
语音,1
VR,1
诺基亚,1
协议,1
生活,1
避免,1
整合,1
股票,1
逐渐,1
进一步,1
贷款,1
垃圾,1
智能硬件,1
邀请,1
2013年,1
众筹,1
地图,1
学习,1
持续,1
SDK,1
数据挖掘,1
健康管理,1
校园,1
这种,1
电视,1
解释,1
兼职,1
机器学习,1
制造商,1
吸引,1
的创业者,0
股权众筹,1
社交媒体,1
贝塔斯曼,1
信用卡,1
物流,1
智能手表,1
时间,1
月份,1
可能,1
服务商,1
满足,1
桌面,1
凤凰,1
初创企业,1
计划,1
其他,1
搜狐,1
10亿美元,0
网络教育,1
朋友,1
直接,1
雷军,1
人脸识别,1
互联网公司,1
逻辑,1
授权,1
厂商,1
添加,1
来自,1
人员,1
Intel,1
介绍,1
增长,1
安装,1
评论,1
工程师,1
滴滴,1
合伙人,1
首次,1
阿里,1
完成,1
玩家,1
建立,1
意味着,0
智能家居,1
任何,1
培养,1
剃须刀,1
无人机,1
智能,1
瑞士,1
制作,1
VC,1
评估,1
父母,1
仓储,1
化的,1
玻璃,1
红杉资本,1
Mac,1
标签,1
查看,1
决策,1
余额宝,1
欧洲,1
装修,1
运动,1
发现,1
Cloud,1
中国互联网,1
旧金山,1
理财,1
硬件,1
负责人,1
创始人,1
继续,1
关注,1
观察,1
设计的,0
分析,1
更加,1
其实,1
保护,1
此前,1
不需要,0
资本,1
改变,1
今天,1
配送,1
网页,1
现在,1
Box,1
处理,1
页面,1
ell,1
摩托罗拉,1
也会,1
项目,1
实现,1
性的,1
电子,1
分析师,1
360,1
直播,1
打车软件,1
针对,1
沃尔玛,1
放弃,1
微信朋友圈,1
女性,1
企业级,1
乐视,1
认为,1
历史,1
寻找,1
洗衣,1
资源,1
出租车,1
宣布获得,0
保险,1
亿美元,1
推广,1
活动,1
突破,1
找到,1
1亿美元,0
至少,1
微信支付,1
音乐人,1
杂志,1
创业团队,1
不知道,1
掌握,1
an,1
订单,1
魅族,1
保险公司,1
饿了么,1
餐厅,1
保证,1
付费,1
eBay,1
建设,1
独角兽,1
微博,1
超级,1
缺乏,1
判断,1
按钮,1
ine,1
具有,1
经济,1
如何,1
新闻,1
艾瑞,1
收入,1
租房,1
加入,1
杭州,1
拒绝,1
最近,1
轮融资,0
设置,1
国内,1
尝试,1
商家,1
零售商,1
打算,1
飞行,1
语音识别,1
战略,1
团购,1
启动,1
MIUI,1
地震,1
共同,1
大部分,1
融资,1
诉讼,1
数据库,1
al,1
武汉,1
B2B,1
合作,1
扎克伯格,1
200,0
学生,1
各种,1
监控,1
代码,1
思考,1
可能会,1
刘轩铭,1
00万美元,0
骑行,1
行业,1
主要,1
可以通过,0
